<?xml version="1.0" encoding="UTF-8"?>
<beans xmlns="http://www.springframework.org/schema/beans"
	xmlns:xsi="http://www.w3.org/2001/XMLSchema-instance"
	xmlns:aop="http://www.springframework.org/schema/aop"
	xsi:schemaLocation="http://www.springframework.org/schema/beans http://www.springframework.org/schema/beans/spring-beans-4.2.xsd
		http://www.springframework.org/schema/aop http://www.springframework.org/schema/aop/spring-aop-4.2.xsd">

	<!-- 1. 핵심 Class 빈즈 등록 -->
	<bean id="testServiceImpl" class="sp.aop.TestServiceImpl"/>
	
	<!-- 2. Advice Class 빈즈 등록 -->
	<bean id="beforeLog" class="sp.aop.BeforeLogAdvice"/>
	<bean id="AfterLog" class="sp.aop.AfterLogAdvice"/>
	
	<!-- 3. PointCut 생성 -->
	<!-- 어느 위치에서 AOP Method를 지정해서 실행 -->
	<!-- value="접근 지정 반환형 package명... Class명 하위 package명(..) 특정 Method명 0개 이상" -->
	<!--  (*) 매개변수 한개 표시, (*,*) 매개변수 2개 표시 -->
	<bean id="writePointcut" class="org.springframework.aop.support.JdkRegexpMethodPointcut">
		<property name="pattern" value=".*write.*"/>
	</bean>
	
	<bean id="savePointcut" class="org.springframework.aop.support.JdkRegexpMethodPointcut">
		<property name="pattern" value=".*save*." />
	</bean>
	
	<!-- 4. Advice + PointCut(Advisor) 설정 -->
	<bean id="testAdvisor" class="org.springframework.aop.support.DefaultPointcutAdvisor">
		<property name="advice" ref="beforeLog" />
		<property name="pointcut" ref="writePointcut" />
	</bean>
	
	<bean id="testAfterAdvisor" class="org.springframework.aop.support.DefaultPointcutAdvisor">
		<property name="advice" ref="AfterLog"/>
		<property name="pointcut" ref="writePointcut"/>
	</bean>
	
	<!-- 5. AOP를 적용(ProxyFactoryBean 객체 생성) ->AOP 객체 생성 -->
	<!-- target(핵심 Class) -->
	<bean id="testService" class="org.springframework.aop.framework.ProxyFactoryBean">
		<property name="target" ref="testServiceImpl"/>
		<property name="interceptorNames">
			<list>
				<value>testAdvisor</value>
				<value>testAfterAdvisor</value>
			</list>
		</property>
	</bean>
	
</beans>
